{
  "6320782528": {
    "user_id": 6320782528,
    "username": "victus_XD",
    "first_name": "\ud835\udc15\ud835\udc08\ud835\udc02\ud835\udc13\ud835\udc14\ud835\udc12 \ud835\udd69 \ud835\udc06\ud835\udc0e\ud835\udc03",
    "last_name": "N/A",
    "registered_at": "2025-10-26 12:00:18",
    "total_checks": 20,
    "is_premium": true
  },
  "1435523860": {
    "user_id": 1435523860,
    "username": "NeroYadav",
    "first_name": "D A D D Y \ud83d\udde1\ufe0f N E R O",
    "last_name": "\u00a4\u035c\u0e4b\u0361\u08e7\u08e7\u08e7\u08e7\u08e7\u08e7\u08e7\u08e7\u08e7\u08e7\u08e7\u08e9\u08e9\u08e9\u08e9\u08e9\u08e9\u08e9\u08e9\u08e9\u08e9\u08e9\u08e9\u08e9\u08e9\u08e9",
    "registered_at": "2025-10-26 13:19:12",
    "total_checks": 1,
    "is_premium": false
  },
  "6181269269": {
    "user_id": 6181269269,
    "username": "ERR0R9",
    "first_name": "\u23e4\u035f\u035e\ud835\ude40\ud835\ude4d\ud835\ude4d\ud835\ude4a\ud835\ude4d",
    "last_name": "N/A",
    "registered_at": "2025-10-26 13:31:17",
    "total_checks": 1,
    "is_premium": false
  },
  "974091917": {
    "user_id": 974091917,
    "username": "x1DAllin1",
    "first_name": "\ud835\ude3c\ud835\ude61\ud835\ude61 \ud835\ude5e\ud835\ude63",
    "last_name": "1",
    "registered_at": "2025-10-26 13:44:12",
    "total_checks": 3,
    "is_premium": false
  }
}